<?xml version="1.0" encoding="UTF-8"?><MD_Metadata xmlns:xlink="http://www.w3.org/1999/xlink" xmlns:srv="http://www.isotc211.org/2005/srv" xmlns:gts="http://www.isotc211.org/2005/gts" xmlns:xalan="http://xml.apache.org/xalan" xmlns:gco="http://www.isotc211.org/2005/gco" xmlns:gml="http://www.opengis.net/gml" xmlns:xsi="http://www.w3.org/2001/XMLSchema-instance" xmlns="http://www.isotc211.org/2005/gmd">
    <fileIdentifier>
        <gco:CharacterString>75d4efcf527a437ba4c7173bff84ecea</gco:CharacterString>
    </fileIdentifier>
    <characterSet>
        <MD_CharacterSetCode codeList="http://www.isotc211.org/2005/resources/Codelist/gmxCodelists.xml#MD_CharacterSetCode" codeListValue="utf8" codeSpace="ISOTC211/19115">utf8</MD_CharacterSetCode>
    </characterSet>
    <hierarchyLevel>
        <MD_ScopeCode codeList="http://www.isotc211.org/2005/resources/Codelist/gmxCodelists.xml#MD_ScopeCode" codeListValue="dataset" codeSpace="ISOTC211/19115">dataset</MD_ScopeCode>
    </hierarchyLevel>
    <hierarchyLevelName>
        <gco:CharacterString>dataset</gco:CharacterString>
    </hierarchyLevelName>
    <contact>
        <CI_ResponsibleParty>
            <role>
                <CI_RoleCode codeList="http://www.isotc211.org/2005/resources/Codelist/gmxCodelists.xml#CI_RoleCode" codeListValue="pointOfContact" codeSpace="ISOTC211/19115">pointOfContact</CI_RoleCode>
            </role>
        </CI_ResponsibleParty>
    </contact>
    <dateStamp>
        <gco:Date>2017-01-19</gco:Date>
    </dateStamp>
    <metadataStandardName>
        <gco:CharacterString>ISO 19139 Geographic Information - Metadata - Implementation Specification</gco:CharacterString>
    </metadataStandardName>
    <metadataStandardVersion>
        <gco:CharacterString>2007</gco:CharacterString>
    </metadataStandardVersion>
    <identificationInfo>
        <MD_DataIdentification>
            <citation>
                <CI_Citation>
                    <title>
                        <gco:CharacterString>Land Cover and Primary Agricultural Use</gco:CharacterString>
                    </title>
                    <date>
                        <CI_Date>
                            <date>
                                <gco:Date>2017-01-20</gco:Date>
                            </date>
                            <dateType>
                                <CI_DateTypeCode codeList="http://www.isotc211.org/2005/resources/Codelist/gmxCodelists.xml#CI_DateTypeCode" codeListValue="creation" codeSpace="ISOTC211/19115">creation</CI_DateTypeCode>
                            </dateType>
                        </CI_Date>
                    </date>
                    <date>
                        <CI_Date>
                            <date>
                                <gco:Date>2017-01-20</gco:Date>
                            </date>
                            <dateType>
                                <CI_DateTypeCode codeList="http://www.isotc211.org/2005/resources/Codelist/gmxCodelists.xml#CI_DateTypeCode" codeListValue="publication" codeSpace="ISOTC211/19115">publication</CI_DateTypeCode>
                            </dateType>
                        </CI_Date>
                    </date>
                </CI_Citation>
            </citation>
            <abstract>
                <gco:CharacterString>Primary agricultural uses include corn, rice, soybean, and wheat. Yield is calculated as an average over a 10 kilometers squared area. Agriculture data is from the Institute on the Environment at the University of Minnesota - www.earthstat.org. </gco:CharacterString>
            </abstract>
            <purpose>
                <gco:CharacterString>Global corn yield in tons per hectare. </gco:CharacterString>
            </purpose>
            <credit>
                <gco:CharacterString>University of Minnesota</gco:CharacterString>
            </credit>
            <status>
                <MD_ProgressCode codeList="http://www.isotc211.org/2005/resources/Codelist/gmxCodelists.xml#MD_ProgressCode" codeListValue="completed" codeSpace="ISOTC211/19115">completed</MD_ProgressCode>
            </status>
            <pointOfContact>
                <CI_ResponsibleParty>
                    <individualName>
                        <gco:CharacterString>U-Spatial</gco:CharacterString>
                    </individualName>
                    <organisationName>
                        <gco:CharacterString>University of Minnesota</gco:CharacterString>
                    </organisationName>
                    <contactInfo>
                        <CI_Contact>
                            <phone>
                                <CI_Telephone>
                                    <voice>
                                        <gco:CharacterString>612-624-7591</gco:CharacterString>
                                    </voice>
                                </CI_Telephone>
                            </phone>
                            <address>
                                <CI_Address>
                                    <deliveryPoint>
                                        <gco:CharacterString>269 19th Ave. S., Blegen Hall 420</gco:CharacterString>
                                    </deliveryPoint>
                                    <city>
                                        <gco:CharacterString>Minneapolis</gco:CharacterString>
                                    </city>
                                    <administrativeArea>
                                        <gco:CharacterString>MN</gco:CharacterString>
                                    </administrativeArea>
                                    <postalCode>
                                        <gco:CharacterString>55455</gco:CharacterString>
                                    </postalCode>
                                    <country>
                                        <Country codeList="http://www.iso.org/iso/country_codes/iso_3166_code_lists.htm" codeListValue="US" codeSpace="ISO3166-1">US</Country>
                                    </country>
                                    <electronicMailAddress>
                                        <gco:CharacterString>uspatial@umn.edu</gco:CharacterString>
                                    </electronicMailAddress>
                                </CI_Address>
                            </address>
                        </CI_Contact>
                    </contactInfo>
                    <role>
                        <CI_RoleCode codeList="http://www.isotc211.org/2005/resources/Codelist/gmxCodelists.xml#CI_RoleCode" codeListValue="pointOfContact" codeSpace="ISOTC211/19115">pointOfContact</CI_RoleCode>
                    </role>
                </CI_ResponsibleParty>
            </pointOfContact>
            <descriptiveKeywords>
                <MD_Keywords>
                    <keyword>
                        <gco:CharacterString>Land Cover</gco:CharacterString>
                    </keyword>
                    <keyword>
                        <gco:CharacterString>Agriculture</gco:CharacterString>
                    </keyword>
                    <keyword>
                        <gco:CharacterString>Global</gco:CharacterString>
                    </keyword>
                    <keyword>
                        <gco:CharacterString>crops</gco:CharacterString>
                    </keyword>
                    <keyword>
                        <gco:CharacterString>corn</gco:CharacterString>
                    </keyword>
                    <keyword>
                        <gco:CharacterString>wheat</gco:CharacterString>
                    </keyword>
                    <keyword>
                        <gco:CharacterString>rice</gco:CharacterString>
                    </keyword>
                    <keyword>
                        <gco:CharacterString>soybean</gco:CharacterString>
                    </keyword>
                    <keyword>
                        <gco:CharacterString>pasture</gco:CharacterString>
                    </keyword>
                    <keyword>
                        <gco:CharacterString>education</gco:CharacterString>
                    </keyword>
                    <keyword>
                        <gco:CharacterString>landscape</gco:CharacterString>
                    </keyword>
                </MD_Keywords>
            </descriptiveKeywords>
            <descriptiveKeywords>
                <MD_Keywords>
                    <keyword>
                        <gco:CharacterString>Land Cover</gco:CharacterString>
                    </keyword>
                    <keyword>
                        <gco:CharacterString>Agriculture</gco:CharacterString>
                    </keyword>
                    <keyword>
                        <gco:CharacterString>Global</gco:CharacterString>
                    </keyword>
                    <keyword>
                        <gco:CharacterString>crops</gco:CharacterString>
                    </keyword>
                    <keyword>
                        <gco:CharacterString>corn</gco:CharacterString>
                    </keyword>
                    <keyword>
                        <gco:CharacterString>wheat</gco:CharacterString>
                    </keyword>
                    <keyword>
                        <gco:CharacterString>rice</gco:CharacterString>
                    </keyword>
                    <keyword>
                        <gco:CharacterString>soybean</gco:CharacterString>
                    </keyword>
                    <keyword>
                        <gco:CharacterString>pasture</gco:CharacterString>
                    </keyword>
                    <keyword>
                        <gco:CharacterString>education</gco:CharacterString>
                    </keyword>
                    <keyword>
                        <gco:CharacterString>landscape</gco:CharacterString>
                    </keyword>
                </MD_Keywords>
            </descriptiveKeywords>
            <descriptiveKeywords>
                <MD_Keywords>
                    <keyword>
                        <gco:CharacterString>Land Cover</gco:CharacterString>
                    </keyword>
                    <keyword>
                        <gco:CharacterString>Agriculture</gco:CharacterString>
                    </keyword>
                    <keyword>
                        <gco:CharacterString>Global</gco:CharacterString>
                    </keyword>
                    <keyword>
                        <gco:CharacterString>crops</gco:CharacterString>
                    </keyword>
                    <keyword>
                        <gco:CharacterString>corn</gco:CharacterString>
                    </keyword>
                    <keyword>
                        <gco:CharacterString>wheat</gco:CharacterString>
                    </keyword>
                    <keyword>
                        <gco:CharacterString>rice</gco:CharacterString>
                    </keyword>
                    <keyword>
                        <gco:CharacterString>soybean</gco:CharacterString>
                    </keyword>
                    <keyword>
                        <gco:CharacterString>pasture</gco:CharacterString>
                    </keyword>
                    <keyword>
                        <gco:CharacterString>education</gco:CharacterString>
                    </keyword>
                    <keyword>
                        <gco:CharacterString>landscape</gco:CharacterString>
                    </keyword>
                </MD_Keywords>
            </descriptiveKeywords>
            <descriptiveKeywords>
                <MD_Keywords>
                    <keyword>
                        <gco:CharacterString>Land Cover</gco:CharacterString>
                    </keyword>
                    <keyword>
                        <gco:CharacterString>Agriculture</gco:CharacterString>
                    </keyword>
                    <keyword>
                        <gco:CharacterString>Global</gco:CharacterString>
                    </keyword>
                    <keyword>
                        <gco:CharacterString>crops</gco:CharacterString>
                    </keyword>
                    <keyword>
                        <gco:CharacterString>corn</gco:CharacterString>
                    </keyword>
                    <keyword>
                        <gco:CharacterString>wheat</gco:CharacterString>
                    </keyword>
                    <keyword>
                        <gco:CharacterString>rice</gco:CharacterString>
                    </keyword>
                    <keyword>
                        <gco:CharacterString>soybean</gco:CharacterString>
                    </keyword>
                    <keyword>
                        <gco:CharacterString>pasture</gco:CharacterString>
                    </keyword>
                    <keyword>
                        <gco:CharacterString>education</gco:CharacterString>
                    </keyword>
                    <keyword>
                        <gco:CharacterString>landscape</gco:CharacterString>
                    </keyword>
                </MD_Keywords>
            </descriptiveKeywords>
            <descriptiveKeywords>
                <MD_Keywords>
                    <keyword>
                        <gco:CharacterString>Land Cover</gco:CharacterString>
                    </keyword>
                    <keyword>
                        <gco:CharacterString>Agriculture</gco:CharacterString>
                    </keyword>
                    <keyword>
                        <gco:CharacterString>Global</gco:CharacterString>
                    </keyword>
                    <keyword>
                        <gco:CharacterString>crops</gco:CharacterString>
                    </keyword>
                    <keyword>
                        <gco:CharacterString>corn</gco:CharacterString>
                    </keyword>
                    <keyword>
                        <gco:CharacterString>wheat</gco:CharacterString>
                    </keyword>
                    <keyword>
                        <gco:CharacterString>rice</gco:CharacterString>
                    </keyword>
                    <keyword>
                        <gco:CharacterString>soybean</gco:CharacterString>
                    </keyword>
                    <keyword>
                        <gco:CharacterString>pasture</gco:CharacterString>
                    </keyword>
                    <keyword>
                        <gco:CharacterString>education</gco:CharacterString>
                    </keyword>
                    <keyword>
                        <gco:CharacterString>landscape</gco:CharacterString>
                    </keyword>
                </MD_Keywords>
            </descriptiveKeywords>
            <descriptiveKeywords>
                <MD_Keywords>
                    <keyword>
                        <gco:CharacterString>Land Cover</gco:CharacterString>
                    </keyword>
                    <keyword>
                        <gco:CharacterString>Agriculture</gco:CharacterString>
                    </keyword>
                    <keyword>
                        <gco:CharacterString>Global</gco:CharacterString>
                    </keyword>
                    <keyword>
                        <gco:CharacterString>crops</gco:CharacterString>
                    </keyword>
                    <keyword>
                        <gco:CharacterString>corn</gco:CharacterString>
                    </keyword>
                    <keyword>
                        <gco:CharacterString>wheat</gco:CharacterString>
                    </keyword>
                    <keyword>
                        <gco:CharacterString>rice</gco:CharacterString>
                    </keyword>
                    <keyword>
                        <gco:CharacterString>soybean</gco:CharacterString>
                    </keyword>
                    <keyword>
                        <gco:CharacterString>pasture</gco:CharacterString>
                    </keyword>
                    <keyword>
                        <gco:CharacterString>education</gco:CharacterString>
                    </keyword>
                    <keyword>
                        <gco:CharacterString>landscape</gco:CharacterString>
                    </keyword>
                </MD_Keywords>
            </descriptiveKeywords>
            <descriptiveKeywords>
                <MD_Keywords>
                    <keyword>
                        <gco:CharacterString>Land Cover</gco:CharacterString>
                    </keyword>
                    <keyword>
                        <gco:CharacterString>Agriculture</gco:CharacterString>
                    </keyword>
                    <keyword>
                        <gco:CharacterString>Global</gco:CharacterString>
                    </keyword>
                    <keyword>
                        <gco:CharacterString>crops</gco:CharacterString>
                    </keyword>
                    <keyword>
                        <gco:CharacterString>corn</gco:CharacterString>
                    </keyword>
                    <keyword>
                        <gco:CharacterString>wheat</gco:CharacterString>
                    </keyword>
                    <keyword>
                        <gco:CharacterString>rice</gco:CharacterString>
                    </keyword>
                    <keyword>
                        <gco:CharacterString>soybean</gco:CharacterString>
                    </keyword>
                    <keyword>
                        <gco:CharacterString>pasture</gco:CharacterString>
                    </keyword>
                    <keyword>
                        <gco:CharacterString>education</gco:CharacterString>
                    </keyword>
                    <keyword>
                        <gco:CharacterString>landscape</gco:CharacterString>
                    </keyword>
                </MD_Keywords>
            </descriptiveKeywords>
            <descriptiveKeywords>
                <MD_Keywords>
                    <keyword>
                        <gco:CharacterString>Land Cover</gco:CharacterString>
                    </keyword>
                    <keyword>
                        <gco:CharacterString>Agriculture</gco:CharacterString>
                    </keyword>
                    <keyword>
                        <gco:CharacterString>Global</gco:CharacterString>
                    </keyword>
                    <keyword>
                        <gco:CharacterString>crops</gco:CharacterString>
                    </keyword>
                    <keyword>
                        <gco:CharacterString>corn</gco:CharacterString>
                    </keyword>
                    <keyword>
                        <gco:CharacterString>wheat</gco:CharacterString>
                    </keyword>
                    <keyword>
                        <gco:CharacterString>rice</gco:CharacterString>
                    </keyword>
                    <keyword>
                        <gco:CharacterString>soybean</gco:CharacterString>
                    </keyword>
                    <keyword>
                        <gco:CharacterString>pasture</gco:CharacterString>
                    </keyword>
                    <keyword>
                        <gco:CharacterString>education</gco:CharacterString>
                    </keyword>
                    <keyword>
                        <gco:CharacterString>landscape</gco:CharacterString>
                    </keyword>
                </MD_Keywords>
            </descriptiveKeywords>
            <descriptiveKeywords>
                <MD_Keywords>
                    <keyword>
                        <gco:CharacterString>Land Cover</gco:CharacterString>
                    </keyword>
                    <keyword>
                        <gco:CharacterString>Agriculture</gco:CharacterString>
                    </keyword>
                    <keyword>
                        <gco:CharacterString>Global</gco:CharacterString>
                    </keyword>
                    <keyword>
                        <gco:CharacterString>crops</gco:CharacterString>
                    </keyword>
                    <keyword>
                        <gco:CharacterString>corn</gco:CharacterString>
                    </keyword>
                    <keyword>
                        <gco:CharacterString>wheat</gco:CharacterString>
                    </keyword>
                    <keyword>
                        <gco:CharacterString>rice</gco:CharacterString>
                    </keyword>
                    <keyword>
                        <gco:CharacterString>soybean</gco:CharacterString>
                    </keyword>
                    <keyword>
                        <gco:CharacterString>pasture</gco:CharacterString>
                    </keyword>
                    <keyword>
                        <gco:CharacterString>education</gco:CharacterString>
                    </keyword>
                    <keyword>
                        <gco:CharacterString>landscape</gco:CharacterString>
                    </keyword>
                </MD_Keywords>
            </descriptiveKeywords>
            <descriptiveKeywords>
                <MD_Keywords>
                    <keyword>
                        <gco:CharacterString>Land Cover</gco:CharacterString>
                    </keyword>
                    <keyword>
                        <gco:CharacterString>Agriculture</gco:CharacterString>
                    </keyword>
                    <keyword>
                        <gco:CharacterString>Global</gco:CharacterString>
                    </keyword>
                    <keyword>
                        <gco:CharacterString>crops</gco:CharacterString>
                    </keyword>
                    <keyword>
                        <gco:CharacterString>corn</gco:CharacterString>
                    </keyword>
                    <keyword>
                        <gco:CharacterString>wheat</gco:CharacterString>
                    </keyword>
                    <keyword>
                        <gco:CharacterString>rice</gco:CharacterString>
                    </keyword>
                    <keyword>
                        <gco:CharacterString>soybean</gco:CharacterString>
                    </keyword>
                    <keyword>
                        <gco:CharacterString>pasture</gco:CharacterString>
                    </keyword>
                    <keyword>
                        <gco:CharacterString>education</gco:CharacterString>
                    </keyword>
                    <keyword>
                        <gco:CharacterString>landscape</gco:CharacterString>
                    </keyword>
                </MD_Keywords>
            </descriptiveKeywords>
            <descriptiveKeywords>
                <MD_Keywords>
                    <keyword>
                        <gco:CharacterString>Land Cover</gco:CharacterString>
                    </keyword>
                    <keyword>
                        <gco:CharacterString>Agriculture</gco:CharacterString>
                    </keyword>
                    <keyword>
                        <gco:CharacterString>Global</gco:CharacterString>
                    </keyword>
                    <keyword>
                        <gco:CharacterString>crops</gco:CharacterString>
                    </keyword>
                    <keyword>
                        <gco:CharacterString>corn</gco:CharacterString>
                    </keyword>
                    <keyword>
                        <gco:CharacterString>wheat</gco:CharacterString>
                    </keyword>
                    <keyword>
                        <gco:CharacterString>rice</gco:CharacterString>
                    </keyword>
                    <keyword>
                        <gco:CharacterString>soybean</gco:CharacterString>
                    </keyword>
                    <keyword>
                        <gco:CharacterString>pasture</gco:CharacterString>
                    </keyword>
                    <keyword>
                        <gco:CharacterString>education</gco:CharacterString>
                    </keyword>
                    <keyword>
                        <gco:CharacterString>landscape</gco:CharacterString>
                    </keyword>
                </MD_Keywords>
            </descriptiveKeywords>
            <resourceConstraints>
                <MD_Constraints>
                    <useLimitation>
                        <gco:CharacterString>Data may be freely downloaded for research, study, or teaching, but must be cited appropriately. Re-release of the data, or incorporation of the data into a commercial product, is allowed only with explicit permission. Contact U-Spatial at uspatial@umn.edu or visit our website at www.uspatial.umn.edu for more information.</gco:CharacterString>
                    </useLimitation>
                </MD_Constraints>
            </resourceConstraints>
            <language gco:nilReason="missing"/>
            <characterSet>
                <MD_CharacterSetCode codeList="http://www.isotc211.org/2005/resources/Codelist/gmxCodelists.xml#MD_CharacterSetCode" codeListValue="utf8" codeSpace="ISOTC211/19115">utf8</MD_CharacterSetCode>
            </characterSet>
        </MD_DataIdentification>
    </identificationInfo>
    <dataQualityInfo>
        <DQ_DataQuality>
            <scope>
                <DQ_Scope>
                    <level gco:nilReason="missing"/>
                    <extent>
                        <EX_Extent>
                            <geographicElement>
                                <EX_GeographicBoundingBox>
                                    <westBoundLongitude>
                                        <gco:Decimal>-180</gco:Decimal>
                                    </westBoundLongitude>
                                    <eastBoundLongitude>
                                        <gco:Decimal>180</gco:Decimal>
                                    </eastBoundLongitude>
                                    <southBoundLatitude>
                                        <gco:Decimal>-90</gco:Decimal>
                                    </southBoundLatitude>
                                    <northBoundLatitude>
                                        <gco:Decimal>90</gco:Decimal>
                                    </northBoundLatitude>
                                </EX_GeographicBoundingBox>
                            </geographicElement>
                        </EX_Extent>
                    </extent>
                </DQ_Scope>
            </scope>
            <lineage>
                <LI_Lineage>
                    <statement>
                        <gco:CharacterString>The following steps were performed by University of Minnesota: 
-	Spatial geometries for country borders and coastlines were created using the dataset from Data and Maps 2015 World Administrative Divisions. Specifically, extracted coastlines from the continent feature class and interior country borders from country feature class. Interior country borders were generalized using Simplify Line (2 km tolerance) and Smooth Line (10 km tolerance) tools in ArcGIS Desktop 10.4.1. Generalized interior lines and coastlines were merged and topological errors fixed using Geodatabase Topology (rule: Must not have dangles). Attribute data transferred to new feature class using a spatial join with centroids of the 2015 country borders. Multipart features such as islands were manually joined together to reflect the correct country. 
-	All feature classes and tile layers were projected to Web Mercator before publishing to ArcGIS Online. 
-	Data sources were selected after extensive research into all existing freely-available sources of data. Government sources of data were used when possible. Public-domain lists were used to identify primary data points and additional sources were used to ensure quality control.</gco:CharacterString>
                    </statement>
                    <source>
                        <LI_Source>
                            <description>
                                <gco:CharacterString>World Wildlife Fund, “Terrestrial Ecoregions of the World”, http://www.worldwildlife.org/publications/terrestrial-ecoregions-of-the-world</gco:CharacterString>
                            </description>
                        </LI_Source>
                    </source>
                    <source>
                        <LI_Source>
                            <description>
                                <gco:CharacterString>Institute on the Environment (www.earthstat.org), University of Minnesota</gco:CharacterString>
                            </description>
                        </LI_Source>
                    </source>
                </LI_Lineage>
            </lineage>
        </DQ_DataQuality>
    </dataQualityInfo>
</MD_Metadata>
