<?xml version="1.0" encoding="ISO-8859-1"?>
<metadata>
	<idinfo>
		<citation>
			<citeinfo>
				<origin>U.S. Geological Survey, Central Energy Resources Team</origin>
				<title>Generalized Geology of the Far East (geo3al)</title>
				<geoform>Downloadable GIS Data</geoform>
				<pubinfo>
					<publish>U.S. Geological Survey, Central Energy Resources Team</publish>
				</pubinfo>
				<onlink>http://energy.cr.usgs.gov/oilgas/wep/</onlink>
				<lworkcit>
					<citeinfo>
						<origin>U.S. Geological Survey, Central Energy Resources Team</origin>
						<pubdate>19990401</pubdate>
						<title>Maps Showing Geology, Oil and Gas Fields, and Geologic Provinces of the Asia Pacific Region; Plate 1: The Far East</title>
						<geoform>map</geoform>
						<serinfo>
							<sername>U.S. Geological Survey Open-File Report</sername>
							<issue>OFR-97-470-F</issue>
						</serinfo>
						<pubinfo>
							<pubplace>Denver, Colorado</pubplace>
							<publish>U.S. Geological Survey, Central Energy Resources Team</publish>
						</pubinfo>
						<othercit>Open File Report 97-470F is one of a series of continental-scale geologic maps of the world being published on CD-ROM by the U.S. Geological Survey's World Energy Project.</othercit>
						<onlink>http://geology.cr.usgs.gov/energy/WorldEnergy/OF97-470F/index.html</onlink>
					</citeinfo>
				</lworkcit>
				<pubdate>19990400 </pubdate><ftname Sync="TRUE">geo3al</ftname></citeinfo>
		</citation>
		<descript>
			<abstract>This coverage includes arcs, polygons, and polygon labels that describe the generalized geologic age and type of surface outcrops of bedrock of the Far East (China, Japan, Mongolia, North and South Korea, and Taiwan; and parts of Cambodia, Laos, Thailand and Vietnam).  It also includes shorelines and inland water bodies.</abstract>
			<purpose>To delineate geologic contacts and thematically depict generalized geologic age of outcrops in Open File Report 97-470F Maps Showing Geology, Geologic Provinces and Oil and Gas Fields of the Asia Pacific Region;  Plate 1: The Far East, which is being compiled as a reference for the U.S. Geological Survey's World Energy Project assessment of undiscovered, technically recoverable oil and gas resouces of the world.</purpose>
			<langdata Sync="TRUE">en</langdata></descript>
		<timeperd>
			<timeinfo>
				<sngdate>
					<caldate>1999</caldate>
				</sngdate>
			</timeinfo>
			<current>publication date</current>
		</timeperd>
		<status>
			<progress>Complete</progress>
			<update>None planned</update>
		</status>
		<spdom>
			<bounding>
				<westbc>69.4521 </westbc>
				<eastbc>150.7568 </eastbc>
				<northbc>51.9563 </northbc>
				<southbc>13.9471 </southbc>
			</bounding>
			<lboundng><leftbc Sync="TRUE">-4429828.814973</leftbc><rightbc Sync="TRUE">2910361.168666</rightbc><bottombc Sync="TRUE">1521748.415182</bottombc><topbc Sync="TRUE">6058515.310811</topbc></lboundng></spdom>
		<keywords>
			<theme>
				<themekt>None</themekt>
				<themekey>Geology</themekey>
				<themekey>Age</themekey>
				<themekey>Generalized Geology</themekey>
				<themekey>Lithology</themekey>
				<themekey>Geologic Age</themekey>
				<themekey>Oil</themekey>
				<themekey>Gas</themekey>
				<themekey>Geologic province</themekey>
				<themekey>Geologic map</themekey>
			</theme>
			<theme>
				<themekt>Gateway to the Earth Thesaurus</themekt>
				<themekey>Oil shale resources</themekey>
				<themekey>Oil sand resources</themekey>
				<themekey>Natural gas resources</themekey>
				<themekey>Economic geology</themekey>
			</theme>
			<theme>
				<themekt>USGS Energy Program Themes Thesaurus</themekt>
				<themekey>Earth Science</themekey>
				<themekey>Natural Resources</themekey>
				<themekey>U.S. Geological Survey</themekey>
				<themekey>USGS</themekey>
				<themekey>Geology</themekey>
				<themekey>Oil</themekey>
				<themekey>Natural Gas</themekey>
				<themekey>Petroleum</themekey>
				<themekey>Resource Assessment</themekey>
			</theme>
			<place>
				<placekt>None</placekt>
				<placekey>Eurasia</placekey>
				<placekey>Asia Pacific Region </placekey>
				<placekey>Asia</placekey>
				<placekey>Pacific</placekey>
				<placekey>Far East </placekey>
				<placekey>China</placekey>
				<placekey>Mongolia</placekey>
				<placekey>Korea </placekey>
				<placekey>Japan </placekey>
				<placekey>Hong Kong </placekey>
				<placekey>South Korea </placekey>
				<placekey>North Korea </placekey>
				<placekey>Thailand</placekey>
				<placekey>Vietnam</placekey>
				<placekey>Kampuchea</placekey>
				<placekey>South China Sea</placekey>
				<placekey>Tibet </placekey>
				<placekey>Taiwan </placekey>
				<placekey>Southeast Asia </placekey>
				<placekey>Laos </placekey>
				<placekey>CB</placekey>
				<placekey>CH</placekey>
				<placekey>Macau</placekey>
				<placekey>MC</placekey>
				<placekey>Circum-Pacific </placekey>
				<placekey>Sea of Japan </placekey>
				<placekey>Yellow Sea </placekey>
				<placekey>RP</placekey>
				<placekey>TH</placekey>
				<placekey>TW</placekey>
				<placekey>VM</placekey>
				<placekey>Kingdom of Cambodia</placekey>
				<placekey>People's Republic of China</placekey>
				<placekey>Lao People's Democratic Republic</placekey>
				<placekey>Kingdom of Thailand</placekey>
				<placekey>Socialist Republic of Vietnam</placekey>
				<placekey>Democratic People's Republic of Korea </placekey><placekey>Republic of Korea </placekey></place>
- <place>
  <placekt>USGS Energy Program Petroleum Assessment Units</placekt> 
  <placekey>Bau Waters Basin, Province 3001</placekey> 
  <placekey>Bellona Plateau, Province 3002</placekey> 
  <placekey>Bligh Water Basin, Province 3003</placekey> 
  <placekey>Shorland Basin, Province 3004</placekey> 
  <placekey>Solomon Islands, Province 3005</placekey> 
  <placekey>Fiji Ridge, Province 3006</placekey> 
  <placekey>Great South Basin, Province 3007</placekey> 
  <placekey>Hikurani Trough, Province 3008</placekey> 
  <placekey>Kermadec Ridge, Province 3010</placekey> 
  <placekey>Lord Howe Rise, Province 3011</placekey> 
  <placekey>Loyalty Island Ridge, Province 3012</placekey> 
  <placekey>Melanesia Border Plateau, Province 3013</placekey> 
  <placekey>East Ontong Java Rise, Province 3014</placekey> 
  <placekey>Indispensable Reef, Province 3015</placekey> 
  <placekey>Russell Basin, Province 3016</placekey> 
  <placekey>Mellish Reef, Province 3017</placekey> 
  <placekey>New Caledonia, Province 3018</placekey> 
  <placekey>New Hebrides Arc, Province 3019</placekey> 
  <placekey>New Zealand East Coast Basin, Province 3020</placekey> 
  <placekey>New Zealand Orogenic Belt, Province 3021</placekey> 
  <placekey>Norfolk Island Ridge, Province 3022</placekey> 
  <placekey>Northland Basin, Province 3023</placekey> 
  <placekey>Samoa Basin, Province 3024</placekey> 
  <placekey>Solander-Waiau Basin, Province 3025</placekey> 
  <placekey>Three Kings Rise, Province 3026</placekey> 
  <placekey>Tonga Ridge, Province 3027</placekey> 
  <placekey>Vanikoro Basin, Province 3028</placekey> 
  <placekey>Waikato Basin, Province 3029</placekey> 
  <placekey>Wanganui Basin, Province 3030</placekey> 
  <placekey>Taranaki Basin, Province 3031</placekey> 
  <placekey>Alashan Yinshan Fold Belt, Province 3101</placekey> 
  <placekey>Altunshan Fold Belt, Province 3102</placekey> 
  <placekey>Beibuwan Basin, Province 3103</placekey> 
  <placekey>Bogdashan Fold Belt, Province 3105</placekey> 
  <placekey>Bose Basin, Province 3106</placekey> 
  <placekey>Chuxiong Basin, Province 3107</placekey> 
  <placekey>Cuoqing Lupola Basin, Province 3108</placekey> 
  <placekey>East China Sea Basin, Province 3109</placekey> 
  <placekey>Erlian Basin, Province 3110</placekey> 
  <placekey>Jianghan Basin, Province 3112</placekey> 
  <placekey>Jiangnan South Jiangsu Fold Belt, Province 3113</placekey> 
  <placekey>Jiuquan Minle Wuwei Basin, Province 3114</placekey> 
  <placekey>Junggar Basin, Province 3115</placekey> 
  <placekey>Karamay Thrust Belt, Province 3116</placekey> 
  <placekey>Kumukulig Basin, Province 3117</placekey> 
  <placekey>Kunlunshan Fold Belt, Province 3118</placekey> 
  <placekey>Lanping Simao Basin, Province 3119</placekey> 
  <placekey>Leidong Basin, Province 3120</placekey> 
  <placekey>Lhasa Basin, Province 3121</placekey> 
  <placekey>Lhasa Terrane, Province 3122</placekey> 
  <placekey>Luxi Jiaoliao Uplift, Province 3124</placekey> 
  <placekey>Nanpanjiang Depression, Province 3125</placekey> 
  <placekey>Nanyang Basin, Province 3126</placekey> 
  <placekey>Bohaiwan Basin, Province 3127</placekey> 
  <placekey>Ordos Basin, Province 3128</placekey> 
  <placekey>Pearl River Mouth Basin, Province 3130</placekey> 
  <placekey>Qaidam Basin, Province 3131</placekey> 
  <placekey>Qiangtang Tanggula Basin, Province 3132</placekey> 
  <placekey>Qiangtang Terrane, Province 3133</placekey> 
  <placekey>Qilianshan Fold Belt, Province 3134</placekey> 
  <placekey>Qinling Dabieshan Fold Belt, Province 3135</placekey> 
  <placekey>Qiongdongnan Basin, Province 3136</placekey> 
  <placekey>Qabdu Basin, Province 3137</placekey> 
  <placekey>Ushumun Basin, Province 3138</placekey> 
  <placekey>Sanshui Basin, Province 3139</placekey> 
  <placekey>Shanxi Plateau, Province 3140</placekey> 
  <placekey>Shiwan Dashan Basin, Province 3141</placekey> 
  <placekey>Sichuan Basin, Province 3142</placekey> 
  <placekey>Songpan Ganzi Fold Belt, Province 3143</placekey> 
  <placekey>Songliao Basin, Province 3144</placekey> 
  <placekey>South China Fold Belt, Province 3146</placekey> 
  <placekey>Subei Yellow Sea Basin, Province 3147</placekey> 
  <placekey>Sulongshan Fold Belt, Province 3148</placekey> 
  <placekey>Taihangshan Yanshan Fold Belt, Province 3149</placekey> 
  <placekey>Taikang Hefei Basin, Province 3150</placekey> 
  <placekey>Taiwan Thrust and Fold Belt, Province 3151</placekey> 
  <placekey>Taiwan Melange Belt, Province 3152</placekey> 
  <placekey>Taixinan Basin, Province 3153</placekey> 
  <placekey>Tarim Basin, Province 3154</placekey> 
  <placekey>Turpan Basin, Province 3156</placekey> 
  <placekey>Xichang Yunnan Fold Belt, Province 3157</placekey> 
  <placekey>Xisha Trough, Province 3158</placekey> 
  <placekey>Yingehai Basin, Province 3159</placekey> 
  <placekey>Yinshan Da and Xiao Hingganling Uplift, Province 3160</placekey> 
  <placekey>Yunnan Guizhou Hubei Fold Belt, Province 3161</placekey> 
  <placekey>Zhangguangcailing Uplift, Province 3162</placekey> 
  <placekey>Mohe Basin, Province 3164</placekey> 
  <placekey>Heilongjiang Basin, Province 3165</placekey> 
  <placekey>Erlian Uplift, Province 3166</placekey> 
  <placekey>South China Ocean Basin, Province 3167</placekey> 
  <placekey>Longmenshan Dabashan Fold Belt, Province 3168</placekey> 
  <placekey>Yitong Graben, Province 3169</placekey> 
  <placekey>Bijianan Basin, Province 3180</placekey> 
  <placekey>South China Continental Shelf Slope, Province 3181</placekey> 
  <placekey>Mongol-Okhotsk Folded Region, Province 3202</placekey> 
  <placekey>Choybalsan Basin, Province 3203</placekey> 
  <placekey>Gobi Basin, Province 3204</placekey> 
  <placekey>Nyalga Basin, Province 3205</placekey> 
  <placekey>Temtsag Hailar Basin, Province 3207</placekey> 
  <placekey>Great Lake Basin, Province 3208</placekey> 
  <placekey>Great Lake Uplift, Province 3209</placekey> 
  <placekey>Ulan Bator Basin, Province 3210</placekey> 
  <placekey>Akita Basin, Province 3301</placekey> 
  <placekey>Honshu Ridge, Province 3302</placekey> 
  <placekey>Ishikari Hidaka Basin, Province 3303</placekey> 
  <placekey>Japan Volcanic Arc/Accreted Terrane, Province 3304</placekey> 
  <placekey>Joban Basin, Province 3305</placekey> 
  <placekey>Kanto Basin, Province 3306</placekey> 
  <placekey>Miyazaki Basin, Province 3307</placekey> 
  <placekey>Niigata Basin, Province 3308</placekey> 
  <placekey>Okinawa Trough, Province 3309</placekey> 
  <placekey>Ryukyu Volcanic Arc, Province 3310</placekey> 
  <placekey>Sagara Basin, Province 3311</placekey> 
  <placekey>Sea Of Japan Backarc Basin, Province 3312</placekey> 
  <placekey>Sinzi Uplift, Province 3313</placekey> 
  <placekey>Tokachi Basin, Province 3314</placekey> 
  <placekey>Tottori Basin, Province 3315</placekey> 
  <placekey>Tsushima Basin, Province 3316</placekey> 
  <placekey>Gensan Basin, Province 3401</placekey> 
  <placekey>Gyeongsang Basin, Province 3402</placekey> 
  <placekey>Huskan Platform, Province 3403</placekey> 
  <placekey>Korba Bay Basin, Province 3404</placekey> 
  <placekey>Korean Craton, Province 3405</placekey> 
  <placekey>Korean Continental Shelf, Province 3406</placekey> 
  <placekey>Central Vietnam Basin, Province 3501</placekey> 
  <placekey>Khorat Platform, Province 3502</placekey> 
  <placekey>Mekong/Cuulong/Vung Tau Basin, Province 3503</placekey> 
  <placekey>Panjang/Cardomomes Basin, Province 3504</placekey> 
  <placekey>Saigon Basin, Province 3505</placekey> 
  <placekey>South China Sea Platform, Province 3506</placekey> 
  <placekey>Thai Basin, Province 3507</placekey> 
  <placekey>Thailand Mesozoic Basin Belt, Province 3508</placekey> 
  <placekey>Tonle Sap-Phnom Penh Basin, Province 3509</placekey> 
  <placekey>Truong Son Fold Belt, Province 3510</placekey> 
  <placekey>Tagaung Myitkyina Fold Belt, Province 3520</placekey> 
  <placekey>Bicol Shelf Basin, Province 3601</placekey> 
  <placekey>Cagayan Basin, Province 3602</placekey> 
  <placekey>Cotabato Basin, Province 3603</placekey> 
  <placekey>Palawan Shelf, Province 3605</placekey> 
  <placekey>Pamusian Tarakan Basin, Province 3606</placekey> 
  <placekey>Philippine Accretionary Prism, Province 3607</placekey> 
  <placekey>Philippine Magmatic Arc, Province 3608</placekey> 
  <placekey>Reed Bank Basin, Province 3609</placekey> 
  <placekey>Sulu Arch, Province 3610</placekey> 
  <placekey>Sulu Sea Basin, Province 3611</placekey> 
  <placekey>Visayan, Province 3612</placekey> 
  <placekey>Baram Delta/Brunei-Sabah Basin, Province 3701</placekey> 
  <placekey>Greater Sarawak Basin, Province 3702</placekey> 
  <placekey>Malay Basin, Province 3703</placekey> 
  <placekey>Malay Peninsula, Province 3704</placekey> 
  <placekey>Rajang-Crocker Accretionary Prism, Province 3705</placekey> 
  <placekey>Arafura Basin-Irian Jaya, Province 3801</placekey> 
  <placekey>Bali Basin, Province 3802</placekey> 
  <placekey>Banda Arc, Province 3803</placekey> 
  <placekey>Barito Basin, Province 3804</placekey> 
  <placekey>Bintuni/Sulawati Province 3805</placekey> 
  <placekey>Bone Basin, Province 3806</placekey> 
  <placekey>Celebes Sea, Province 3807</placekey> 
  <placekey>Central Sumatra Basin, Province 3808</placekey> 
  <placekey>East Java Basin, Province 3809</placekey> 
  <placekey>East Natuna Basin, Province 3810</placekey> 
  <placekey>Flores Basin, Province 3811</placekey> 
  <placekey>Gorontalo Basin, Province 3812</placekey> 
  <placekey>Halmahera Basin, Province 3813</placekey> 
  <placekey>Halmahera Platform, Province 3814</placekey> 
  <placekey>Java/Banda Sea, Province 3815</placekey> 
  <placekey>Ketuneau/Sintang Terrane, Province 3816</placekey> 
  <placekey>Kutei Basin, Province 3817</placekey> 
  <placekey>Melawi Basin, Province 3818</placekey> 
  <placekey>Meratus High, Province 3819</placekey> 
  <placekey>Merauke Platform, Province 3820</placekey> 
  <placekey>North Banda Basin, Province 3821</placekey> 
  <placekey>North Sumatra Basin, Province 3822</placekey> 
  <placekey>Northern Irian Jaya Waropen Basin, Province 3823</placekey> 
  <placekey>Northwest Java Basin, Province 3824</placekey> 
  <placekey>Penyu/West Natuna Basin, Province 3825</placekey> 
  <placekey>South Banda Basin, Province 3826</placekey> 
  <placekey>South Makassar Basin, Province 3827</placekey> 
  <placekey>South Sumatra Basin, Province 3828</placekey> 
  <placekey>Sulawesi Accretionary Prism, Province 3829</placekey> 
  <placekey>Sulawesi Magmatic Arc, Province 3830</placekey> 
  <placekey>Sumatra/Java Accretionary Prism, Province 3831</placekey> 
  <placekey>Sumatra/Java Fore-Arc Basins, Province 3832</placekey> 
  <placekey>Sumatra/Java Magmatic Arc, Province 3833</placekey> 
  <placekey>Sumba Province 3834</placekey> 
  <placekey>Sunda Platform, Province 3835</placekey> 
  <placekey>Weber Basin, Province 3836</placekey> 
  <placekey>Zambalez/Central Luzon Basin, Province 3837</placekey> 
  <placekey>Adelaide and Kanmantoo Fold Belts, Province 3901</placekey> 
  <placekey>Albany-Fraser Province 3904</placekey> 
  <placekey>Amadeus Basin, Province 3903</placekey> 
  <placekey>Arunta Block, Province 3904</placekey> 
  <placekey>Australian Arafura Basin, Province 3905</placekey> 
  <placekey>Bangemall and Nabberu Basins, Province 3906</placekey> 
  <placekey>Bass Basin, Province 3907</placekey> 
  <placekey>Bassian Rise, Province 3908</placekey> 
  <placekey>Birrindudu Basin and Tanami Block, Province 3909</placekey> 
  <placekey>Bonaparte Gulf Basin, Province 3910</placekey> 
  <placekey>Bowen Basin, Province 3911</placekey> 
  <placekey>Bremer Basin, Province 3912</placekey> 
  <placekey>Browse Basin, Province 3913</placekey> 
  <placekey>Canning Basin, Province 3914</placekey> 
  <placekey>Capricorn Basin, Province 3915</placekey> 
  <placekey>Carnarvon Basin, Province 3916</placekey> 
  <placekey>Carpentaria Basin, Province 3917</placekey> 
  <placekey>Challenger Plateau, Province 3918</placekey> 
  <placekey>Clarence-Moreton Basin, Province 3919</placekey> 
  <placekey>Coen-Yambo Block, Province 3920</placekey> 
  <placekey>Daly River Basin, Province 3921</placekey> 
  <placekey>Darling Basin, Province 3922</placekey> 
  <placekey>Drummond Fold Belt and Anakie High, Province 3923</placekey> 
  <placekey>Eromanga Basin, Province 3924</placekey> 
  <placekey>Eucla Basin, Province 3925</placekey> 
  <placekey>Galilee Basin, Province 3926</placekey> 
  <placekey>Gascoyne Block, Province 3927</placekey> 
  <placekey>Gawler Block, Province 3928</placekey> 
  <placekey>Georgina Basin, Province 3929</placekey> 
  <placekey>Gippsland Basin, Province 3930</placekey> 
  <placekey>Great Australian Bight Basin, Province 3931</placekey> 
  <placekey>Halifax Basin, Province 3932</placekey> 
  <placekey>Halls Creek Province 3933</placekey> 
  <placekey>Hodgkinson/Lachlan Fold Belt, Province 3934</placekey> 
  <placekey>Kimberley Basin, Province 3935</placekey> 
  <placekey>Lacklan Fold Belt, Province 3936</placekey> 
  <placekey>Laura Basin, Province 3937</placekey> 
  <placekey>Malakula/Aoba/Banks Basin, Province 3938</placekey> 
  <placekey>Marion Terrain, Province 3939</placekey> 
  <placekey>Maryborough Basin, Province 3940</placekey> 
  <placekey>Money Shoal Basin, Province 3941</placekey> 
  <placekey>Mt. Isa Block, Province 3942</placekey> 
  <placekey>Murray Basin, Province 3943</placekey> 
  <placekey>Musgrave Block, Province 3944</placekey> 
  <placekey>McArthur Basin, Province 3945</placekey> 
  <placekey>New England Fold Belt, Province 3946</placekey> 
  <placekey>Ngalia Basin, Province 3947</placekey> 
  <placekey>Northwest Shelf, Province 3948</placekey> 
  <placekey>Officer Basin, Province 3949</placekey> 
  <placekey>Otway Basin, Province 3950</placekey> 
  <placekey>Paterson Province 3951</placekey> 
  <placekey>Perth Basin, Province 3952</placekey> 
  <placekey>Pilbara Block, Province 3953</placekey> 
  <placekey>Pine Creek Geosyncline, Province 3954</placekey> 
  <placekey>Queensland Plateau, Province 3955</placekey> 
  <placekey>Rocky Cape Block/Dundas Trough, Province 3956</placekey> 
  <placekey>Stuart Shelf, Province 3957</placekey> 
  <placekey>Surat Basin, Province 3958</placekey> 
  <placekey>Sydney Basin, Province 3959</placekey> 
  <placekey>Tasmania Basin, Province 3960</placekey> 
  <placekey>Tennant Creek Block, Province 3961</placekey> 
  <placekey>Victoria River Basin, Province 3962</placekey> 
  <placekey>Wiso Basin, Province 3963</placekey> 
  <placekey>Cape Vogel Basin, Province 3964</placekey> 
  <placekey>New Guinea Foreland Basin-Fold Belt, Province 3966</placekey> 
  <placekey>New Guinea Mobile Belt, Province 3967</placekey> 
  <placekey>New Ireland Basin, Province 3968</placekey> 
  <placekey>Papuan Basin-Shelf Platform, Province 3969</placekey> 
  <placekey>Sepik-Ramu Basin, Province 3970</placekey> 
  <placekey>South Bismarck Volcanic Arc, Province 3971</placekey> 
  <placekey>Chatham Rise, Province 3972</placekey> 
  <placekey>Fiji Islands, Province 3973</placekey> 
  <placekey>Yilgarn Block, Province 3974</placekey> 
  <placekey>Tian Shan Foldbelt, Province 1158</placekey> 
  <placekey>East Ili Basin, Province 1164</placekey> 
  <placekey>Alakol Basin, Province 1169</placekey> 
  <placekey>Zaysan Basin, Province 1170</placekey> 
  <placekey>Altay-Sayan Folded Region, Province 1219</placekey> 
  <placekey>Sikhote-Alin Folded Region, Province 1224</placekey> 
  <placekey>Khanka Basin, Province 1226</placekey> 
  <placekey>Middle Amur Basin, Province 1227</placekey> 
  <placekey>Baikal-Patom Folded Region, Province 1230</placekey> 
  <placekey>Himalayan, Province 8002</placekey> 
  <placekey>Tenasserim-Shan, Province 8006</placekey> 
  </place>

			<theme><themekey>geoscientificInformation</themekey><themekt>ArcIMS Metadata Server Theme Codes Thesaurus</themekt><themekey>environment</themekey></theme></keywords>
		<accconst>None</accconst>
		<useconst>This database contains intellectual property of the United Nations Educational, Scientific and Cultural Organization (UNESCO) and of the Commission for the Geological Map of the World (CMGW), used with their permission. Portions of this database covering coastline and country boundaries contain intellectual property of Environmental Systems Research Institute, Inc. (ESRI), and are used with their permission. End users are permitted to use these data sets for their own internal use, including derivative work, but are prohibited from using and redistributing these data individually or in a derivative work to third parties. Please refer to the "ATTACHMENT B" file (attach_b.txt) in the prmssn directory of this CD-ROM for further information on ESRI's license agreement. ESRI is a registered trademark in the United States and either a trademark or registered trademark in all other countries where it is used, and ArcExplorer, Arc/Info, Arcview and Arcworld are trademarks of Environmental Systems Research, Inc. </useconst>
		<ptcontac>
			<cntinfo>
				<cntorgp>
					<cntorg>U.S. Geological Survey, Central Energy Resources Team</cntorg>
					<cntper>Peter J. McCabe</cntper>
				</cntorgp>
				<cntpos>Asia Pacific Regional Coordinator for the World Energy Project</cntpos>
				<cntaddr>
					<addrtype>mailing address</addrtype>
					<address>U.S Geological Survey, P.O. Box 25046, MS 939, Denver Federal Center</address>
					<city>Denver</city>
					<state>Colorado</state>
					<postal>80225</postal>
					<country>USA</country>
				</cntaddr>
				<cntvoice>303-236-7550</cntvoice>
				<cntemail>datamgt@usgs.gov</cntemail>
				<hours>8:00 am - 4:00 pm MST</hours>
			</cntinfo>
		</ptcontac>
		<browse>
			<browsen>http://certmapper.cr.usgs.gov/data/we/ofr97470f/graphic/geo3al.jpg</browsen>
			<browset>JPEG</browset>
		</browse>
	</idinfo>
	<dataqual>
		<attracc>
			<attraccr>All the attributes other than standard Arc/Info attributes are of character type. 
1. Attribute item "GLG" (geology) is abstracted from fill colors and labels 
on UNESCO source maps denoting geologic age of surficial outcrops. Rock units whose age is divided within a geologic period on the map are attributed unidivided. For instance, units labeled "Q", "Q1", "Q2", "Q3" and "Q1,2" and "Q2,3" are attributed as "Q". Units labeled as "PgN" are attributed as "T". Units colored as igneous rock of undetermined age are attributed as "und". Areas colored as surface water bodies and ocean are attributed as "H2O". Unmapped areas without color are attributed as "oth". Units denoted as uncertain with a question mark on the original maps are attributed without comment. Where there are disagreements on the original maps between the label and the fill color, or where printing errors occur, the preference is given to the label in attributing the unit. In some cases, a judgement is made according to the inferred geologic trend. Definitions for the values are found below in the entity and attribute information section. 
2. Attribute item "TYPE" is abstracted from labels and fill patterns on the UNESCO source maps. Because the emphasis of this database is on oil and gas resources, igneous rocks are generalized. Acid, intermediate and basic volcanic rocks were attributed as volcanic. Acid, intermediate and basic intrusive igneous rocks are attributed as intrusive. Ophiolites and ultra basic rocks are attributed as a general class, ophiolites and ultrabasic. The UNESCO source map legends do not differentiate sedimentary from metamorphic rocks. 
3. Attribute item "GEN_GLG" is calculated from the item "GLG". In those cases where the age of units span more than one geologic age the UNESCO practice of placing the older age before the more recent age is reversed to adhere to the USGS practice of placing the more recent age first. For instance, "KT" becomea "TK". Units whose age span more than one age are attributed by the era. For example, "CmD" becomes "Pz". 
4. Standard verification of attribute reliability is performed with the Arc/Info command label errors to find polygons without assigned character value or with more than one value. 
5. Plots are created of the coverage, colored by item "GEN_GLG" and labeled by item "GLG" at the same scale, projection and map extent of each of the UNESCO source maps for the purposes of review and examination. Review was conducted by persons uninvolved in the compilation. The entire set of maps was examined with a polygon to polygon search for errors. 
6. The plots are also examined by the compiler by sampling 2 degree by 2 degree areas, yielding a deductive estimate of greater than 99 percent fidelity to UNESCO source maps of items "GLG" and "TYPE", and, by extension, "GEN_GLG".</attraccr>
		</attracc>
		<logic>Polygon topology. Each polygon has one unique label point with unique id, there are no dangles. Polygons are bounded at perimeter of extent, including areas attributed as water and where geologic age is not shown. The coverage is topologically cleaned and built in Arc/Info 7.1.2.</logic>
		<complete>An informal threshold of 1500 meters of width or length is used in digitizing features from the source maps. This threshold is not uniformly applied. Geologic ages indicated on the source maps as uncertain or questionable are attributed without comment. Ages that are divided on the original maps are attributed as undivided. For example: two adjacent polygons of Lower and Middle Cretaceous age are digitized and attributed as one polygon of Cretaceous age. Some unusual age classifications are attributed in a more generalized or standard manner. For instance: Upper Permian through Tertiary is attributed as Cenozoic/Mesozoic, Carboniferous through Triassic is attributed as Mesozoic/Paleozoic, and Upper Triassic through Lower Cretaceous as Mesozoic. Acid, Intermediate and Basic igneous rocks are not differentiated and are attributed as either intrusive or extrusive igneous rocks. Areas indicated on the map as either Ultrabasic or Ophiolitic are classed together as Ultrabasic or Ophiolite. </complete>
		<posacc>
			<horizpa>
				<horizpar>There are difficulties registering the scanned gray-scale images of the original UNESCO source maps. The latitude and longitude graticules do not match the stated map projection at the corners of the maps beyond the area mapped geologically. In particular, the upper left corner of map sheet 1, the extreme Northwest portion, and the upper right corner of map sheet 2, the extreme Northeast portion, have latitude and longitude graticules that deviate from a calculated graticule using the Arc/Info generate and project commands. Coastlines and inland water bodies abstracted from ESRI Arcworld 1:3m countries and rivers are used to rectify the images. Because international boundaries are not depicted on the UNESCO source maps, it is not possible to use borders to rectify the images. Although a relatively low RMS error is achieved in registering the images, there is little control in the Northwest portion of the coverage. The registration is inconsistent across the four map sheets used to compile this coverage. When the coverage is digitized there remain discrepencies with the ESRI sourced coverage. (ESRI Arcworld is chosen as a standard because it is widely accepted and available.) These discrepencies are in part the result of the registration problem, and in part caused by compilation differences between UNESCO and ESRI. Using a roving window, piecewise rubbersheeting is performed with the Arc/Info adjust command, polygon option. Identifiable features of inland water bodies and shorelines common to both sources are used as targets to create the "to - from" links for adjusting the coverage. Overlaying plots of this coverage, corresponding to the source maps in scale, projection and map extent, on a light table shows a variable offset ranging from 0 to 5 mm (25 km). 
The following describe the tolerances: 
1. Original geologic maps are presumed to be of 500 meter maximum accuracy (0.1mm at 5,000,000 scale) 
2. Scanned gray-scale images are of 200 dot/inch resolution 
(0.13 mm on paper map) 
3. Scanned images were registered and rectified with an average RMS error of 641 meters. (0.1 mm on paper map) 
4. Fuzzy tolerance was set at 500 meters (0.71 pixel) 
and weed tolerance was set at 250 meters (0.31 pixel) 
5. 100 points were sampled on the master coverage for fit with ESRI Arcworld country boundaries and an RMS error was calculated of 780 meters, the maximum error was 11,400 meters.</horizpar>
			</horizpa>
		</posacc>
		<lineage>
			<srcinfo>
				<srccite>
					<citeinfo>
						<origin>United Nations Educational, Scientific and Cultural Organization (UNESCO)/ Committee for Geologic Map of the World (CMGW)(ed.)</origin>
						<pubdate>19900000</pubdate>
						<title>Geology of East and South Asia, sheets 1, 2, 3 and 4</title>
						<edition>Third</edition>
						<geoform>map</geoform>
						<pubinfo>
							<pubplace>Paris, France</pubplace>
							<publish>UNESCO</publish>
						</pubinfo>
					</citeinfo>
				</srccite>
				<srcscale>5000000</srcscale>
				<typesrc>paper</typesrc>
				<srctime>
					<timeinfo>
						<sngdate>
							<caldate>unknown</caldate>
						</sngdate>
					</timeinfo>
					<srccurr>publication date</srccurr>
				</srctime>
				<srccitea>UNESCO</srccitea>
				<srccontr>outlines and attributes of geologic age and type</srccontr>
			</srcinfo>
			<srcinfo>
				<srccite>
					<citeinfo>
						<origin>Environmental Systems Research Institute, Inc. (ESRI)(comp.)</origin>
						<pubdate>19920000</pubdate>
						<title>Arcworld cntry_92</title>
						<pubinfo>
							<pubplace>Redlands, CA, U.S.A.</pubplace>
							<publish>Environmental Systems Research Institute, Inc. (ESRI)</publish>
						</pubinfo>
						<lworkcit>
							<citeinfo>
								<origin>Environmental Systems Research Institute, Inc. (ESRI)(comp.)</origin>
								<pubdate>19920000</pubdate>
								<title>Arcworld Digital Map of the World</title>
							</citeinfo>
						</lworkcit>
					</citeinfo>
				</srccite>
				<srcscale>3000000</srcscale>
				<typesrc>CD-ROM</typesrc>
				<srctime>
					<timeinfo>
						<sngdate>
							<caldate>unknown</caldate>
						</sngdate>
					</timeinfo>
					<srccurr>publication date</srccurr>
				</srctime>
				<srccitea>ESRI</srccitea>
				<srccontr>Used as a guide to match coastlines and inland water bodies, and to verify island locations</srccontr>
			</srcinfo>
			<procstep>
				<procdesc>Original source maps are scanned as gray scale tiff images with a resolution of 200 dpi. The gray scale images are registered to a composite arc coverage of coastlines and interior waterbody outlines taken from ESRI Arcworld country boundary and hydrology coverages, with an average root mean square error of approximately 600 meters. The images are then rectified in Arc/Info.</procdesc>
				<procdate>19980625</procdate>
			</procstep>
			<procstep>
				<procdesc>Arcs and labels are digitized on screen in Arcedit with a fuzzy tolerance of 500 meters and a weed tolerance of 250 meters, using the gray-scale images as a background guide. Features less than 1000 meters in length or width are not captured. Features crossing the edges of original map sources are adjusted to meet despite discrepencies in image registration between different original map sheets.</procdesc>
				<procdate>19980910</procdate>
			</procstep>
			<procstep><procdesc>Labels are attributed with geologic age and rock type in Arcedit, using special menus and the gray scale images as a backdrop guide. (This operation is conducted simultaneously with the digitization of arcs and labels. ) 
</procdesc><procdate>19980910 </procdate></procstep>
			<procstep>
				<procdesc>
Coverage as cleaned and built as a polygon coverage
with a fuzzy tolerance of 500 meters.
</procdesc>
				<procdate>19980911</procdate>
			</procstep>
			<procstep>
				<procdesc>Polygon coverage of New Guinea produced by the same method using other map source is map joined to the coverage, creating the master coverage geo_reg3 with a fuzzy tolerance of 500 meters.</procdesc>
				<procdate>19980920</procdate>
			</procstep>
			<procstep>
				<procdesc>Master coverage is cleaned and built with a fuzzy tolerance of 500 meters.</procdesc>
				<procdate>19980921</procdate>
			</procstep>
			<procstep>
				<procdesc>The master coverage is adjusted to the composite coverage of coastlines and interior water bodies derived from ESRI Arcworld country boundaries and hydrology, using a series of piecewise rubbersheet transformations by means of the Arcedit adjust command with the polygon option.</procdesc>
				<procdate>19980930</procdate>
			</procstep>
			<procstep>
				<procdesc>Duplicate and missing labels are identified with the labelerrors command. Using a copy of the master coverage loaded into an Arcview view in one window and the master coverage in Arcedit in another window, the errors are queried, duplicate labels are deleted, and missing labels are applied and attributed.</procdesc>
				<procdate>19980925</procdate>
			</procstep>
			<procstep>
				<procdesc>The master coverage is cleaned and built as a polygon coverage with a fuzzy tolerance of 500 meters.</procdesc>
				<procdate>19980926</procdate>
			</procstep>
			<procstep>
				<procdesc>A polygon coverage of Australia and New Zealand geologic age compiled with similar methodology is mapjoined to the master coverage.</procdesc>
				<procdate>19990108</procdate>
			</procstep>
			<procstep>
				<procdesc>A new field of generalized geologic age is added and populated in Arcedit using the select and calculate commands with polygons as the edit feature.</procdesc>
				<procdate>19990110</procdate>
			</procstep>
			<procstep>
				<procdesc>Paper maps qre plotted from Arcplot at the same scale and extent as the original map sources (UNESCO - South and East Asia; AGSO - New Guinea) and were distributed with the original map source sheets for manual examination for the purposes of content review.</procdesc>
				<procdate>19990120</procdate>
			</procstep>
			<procstep>
				<procdesc>The master coverage is edited in Arcedit, according to the results of the content reviews, adding or deleting arcs and labels as needed, and updating the attribution of labels as needed.</procdesc>
				<procdate>19990130</procdate>
			</procstep>
			<procstep>
				<procdesc>The master coverage is cleaned and built as a polygon coverage with a fuzzy tolerance of 500 meters.</procdesc>
				<procdate>19990201</procdate>
			</procstep>
			<procstep>
				<procdesc>The master coverage is projected to the current Lambert projection.</procdesc>
				<procdate>19990201</procdate>
			</procstep>
			<procstep>
				<procdesc>The projected coverage is cleaned and built with a fuzzy tolerance of 500 meters.</procdesc>
				<procdate>19990201</procdate>
			</procstep>
			<procstep>
				<procdesc>The projected coverage is clipped to the current extent as a polygon coverage with a fuzzy tolerance of 500 meters.</procdesc>
				<procdate>19990202</procdate>
			</procstep></lineage>
	</dataqual>
	<spdoinfo>
		<direct Sync="TRUE">Vector</direct>
		<ptvctinf>
			<esriterm Name="arc"><efeatyp Sync="TRUE">Simple</efeatyp><efeageom Sync="TRUE">Arc</efeageom><esritopo Sync="TRUE">FALSE</esritopo><efeacnt Sync="TRUE">32136</efeacnt><spindex Sync="TRUE">FALSE</spindex><linrefer Sync="TRUE">FALSE</linrefer></esriterm><esriterm Name="label"><efeatyp Sync="TRUE">Simple</efeatyp><efeageom Sync="TRUE">Label</efeageom><esritopo Sync="TRUE">FALSE</esritopo><efeacnt Sync="TRUE">12331</efeacnt><spindex Sync="TRUE">FALSE</spindex><linrefer Sync="TRUE">FALSE</linrefer></esriterm><esriterm Name="polygon"><efeatyp Sync="TRUE">Simple</efeatyp><efeageom Sync="TRUE">Polygon</efeageom><esritopo Sync="TRUE">TRUE</esritopo><efeacnt Sync="TRUE">12330</efeacnt><spindex Sync="TRUE">FALSE</spindex><linrefer Sync="TRUE">FALSE</linrefer></esriterm><esriterm Name="tic"><efeatyp Sync="TRUE">Simple</efeatyp><efeageom Sync="TRUE">Tic</efeageom><esritopo Sync="TRUE">FALSE</esritopo><efeacnt Sync="TRUE">18</efeacnt><spindex Sync="TRUE">FALSE</spindex><linrefer Sync="TRUE">FALSE</linrefer></esriterm><esriterm Name="annotation"><efeatyp Sync="TRUE"></efeatyp><efeageom Sync="TRUE">Annotation</efeageom><esritopo Sync="TRUE">FALSE</esritopo><efeacnt Sync="TRUE">1</efeacnt><spindex Sync="TRUE">FALSE</spindex><linrefer Sync="TRUE">FALSE</linrefer></esriterm><sdtsterm><sdtstype>polygon</sdtstype></sdtsterm></ptvctinf>
	</spdoinfo>
	<spref>
		<horizsys>
			<geodetic>
				<horizdn Sync="TRUE">D_WGS_1984</horizdn>
				<ellips Sync="TRUE">WGS_1984</ellips>
				<semiaxis Sync="TRUE">6378137.000000</semiaxis>
				<denflat Sync="TRUE">298.257224</denflat>
			</geodetic>
			<cordsysn><geogcsn Sync="TRUE">GCS_WGS_1984</geogcsn><projcsn Sync="TRUE">WGS_1984_Lambert_Conformal_Conic</projcsn></cordsysn><planar><planci><plance Sync="TRUE">coordinate pair</plance><plandu Sync="TRUE">meters</plandu><coordrep><absres Sync="TRUE">0.016384</absres><ordres Sync="TRUE">0.016384</ordres></coordrep></planci><mapproj><mapprojn Sync="TRUE">Lambert Conformal Conic</mapprojn><lambertc><stdparll Sync="TRUE">31.000000</stdparll><stdparll Sync="TRUE">-29.000000</stdparll><longcm Sync="TRUE">120.000000</longcm><latprjo Sync="TRUE">0.000000</latprjo><feast Sync="TRUE">0.000000</feast><fnorth Sync="TRUE">0.000000</fnorth></lambertc></mapproj></planar></horizsys>
	</spref>
	<eainfo>
		<detailed Name="geo3al.pat">
			<enttyp>
				<enttypl>geo3al.dbf</enttypl>
				<enttypt Sync="TRUE">Feature Class</enttypt><enttypc Sync="TRUE">12330</enttypc></enttyp>
			<attr><attwidth Sync="TRUE">4</attwidth><atoutwid Sync="TRUE">5</atoutwid><attrtype Sync="TRUE">OID</attrtype><attrdef>Code for rock type </attrdef><attrdefs>U.S. Geological Survey </attrdefs><attrdomv><edom><edomv>i, v, e, w</edomv><edomvd>
			i - Intrusive igneous rock
			v - Extrusive igneous rock 
			e - Eolian deposits 
			w - Ultrabasic igneous rock or ophiolites 
			</edomvd><edomvds>U.S. Geological Survey </edomvds></edom></attrdomv><attalias Sync="TRUE">FID</attalias><atprecis Sync="TRUE">0</atprecis><attscale Sync="TRUE">0</attscale><attrlabl>TYPE</attrlabl></attr><attr><attwidth Sync="TRUE">0</attwidth><atoutwid Sync="TRUE">5</atoutwid><attrtype Sync="TRUE">Geometry</attrtype><attrdomv><edom><edomvd>Range of values taken from UNESCO source map values:
			Q - Quaternary (undivided) 
			TQ - Tertiary/Quaternary 
			NQ - Neogene/Quaternary 
			N - Neogene, Paleogene 
			T - Tertiary (undivided) 
			KT - Cretaceous/Tertiary 
			MZ - Mesozoic 
			PZMZ - Paleozoic/Mesozoic 
			K - Cretaceous (undivided) 
			JK - Jurassic/Cretaceous 
			J - Jurassic (undivided) 
			TrJ - Triassic/Jurassic 
			Tr - Triassic (undivided) 
			PTr - Permian/Triassic 
			PZ - Paleozoic 
			PZu - Upper Paleozoic 
			P - Permian (unidivided) 
			CP - Carboniferous/Permian 
			CTr - Carboniferous/Triassic 
			C - Carboniferous (unidivided) 
			DC - Devonian/Carboniferous 
			D - Devonian (unidivided) 
			PZl - Lower Paleozoic 
			SD - Silurian/Devonian 
			S - Silurian (unidivided) 
			OS - Ordovician/Silurian 
			O - Ordovician (undivided) 
			CmO - Cambrian/Ordovician 
			CmD - Cambrian/Devonian 
			Cm - Cambrian (undivided) 
			PtCm - Proterozoic/Cambrian 
			PtO - Proterozoic/Ordovician 
			pC - Precambrian (undivided) 
			Pt - Proterozoic (undivided) 
			A - Archean (undivided) 
			H2O - Sea and surface water 
			und - Undetermined age 
			oth - Geology not shown </edomvd><edomv>Q, TQ, NQ, N, T, KT, MZ, PZMZ, K, JK,J, JTr, Tr, PTr, PZ, PZu, P, CP, CTr,C, DC, D, PZl, SD, S, OS, O, CmO, CmD, Cm, PtCm, PtO, pC, Pt, A, H2O, und, oth</edomv><edomvds>UNESCO</edomvds></edom></attrdomv><attrdef>Code denoting geologic age depicted on original source maps </attrdef><attrdefs>U.S. Geological Survey </attrdefs><attalias Sync="TRUE">Shape</attalias><atprecis Sync="TRUE">0</atprecis><attscale Sync="TRUE">0</attscale><attrlabl>GLG</attrlabl></attr><attr><attwidth Sync="TRUE">8</attwidth><atoutwid Sync="TRUE">18</atoutwid><attrtype Sync="TRUE">Float</attrtype><attrdomv><edom><edomv>CzMz, Cz, Q, T, N, Pg, TK, MzPz, Mz, K, KJ, J, JTr, Tr, TrP, PzpCm, Pz, Pzu, P ,PC, C, CD, D, DS, Pzl, S, SO, O, OCm,Cm, pCm, Pt, A, H2O, und, oth </edomv><edomvd>Range of values calculated from UNESCO source map values:
			CzMz - Cenozoic/Mesozoic 
			Cz - Cenozoic (unidivided) 
			Q - Quaternary (undivided) 
			T - Tertiary (undivided) 
			N - Neogene 
			Pg - Paleogene 
			TK - Tertiary/Cretaceous 
			MzPz - Mesozoic/Paleozoic 
			Mz - Mesozoic (undivided) 
			K - Cretaceous (undivided) 
			KJ - Cretaceous/Jurassic 
			J - Jurassic (undivided) 
			JTr - Jurassic/Triassic 
			Tr - Triassic (undivided) 
			TrP - Triassic/Permian 
			PzpCm - Paleozoic/Precambrian 
			Pz - Paleozoic (undivided) 
			Pzu - Upper Paleozoic 
			P - Permian (undivided) 
			PC - Permian/Carboniferous 
			C - Carboniferous (undivided) 
			CD - Carboniferous/Devonian 
			D - Devonian (undivided) 
			DS - Devonian/Silurian 
			Pzl - Lower Paleozoic 
			S - Silurian (undivided) 
			SO - Silurian/Ordovician 
			O - Ordovician (undivided) 
			OCm - Ordovician/Cambrian 
			Cm - Cambrian (undivided) 
			pCm - Precambrian (undivided) 
			Pt - Proterozoic (undivided) 
			A - Archean (undivided) 
			H2O - Sea and surface water 
			und - Undetermined age 
			oth - Geology not shown 
 </edomvd><edomvds>U.S. Geological Survey </edomvds></edom></attrdomv><attrdef>Code denoting generalized geologic age </attrdef><attrdefs>U.S. Geological Survey </attrdefs><atnumdec Sync="TRUE">5</atnumdec><attrlabl>GEN_GLG</attrlabl></attr></detailed>
	</eainfo>
	<distinfo><distrib><cntinfo><cntorgp><cntorg>U.S. Geological Survey, Central Energy Resources Team</cntorg><cntper>Christa Lopez</cntper></cntorgp><cntaddr><addrtype>mailing address</addrtype><address>U.S. Geological Survey, Box 25046, MS 939, Denver Federal Center</address><city>Denver </city><state>Colorado</state><postal>80225-0046</postal><country>USA</country></cntaddr><cntvoice>303-236-1647</cntvoice><hours>8:00 am - 4:00 pm U.S. Rocky Mountain Time Zone</hours><cntemail>clopez@usgs.gov</cntemail></cntinfo></distrib>
		<resdesc>Downloadable Data</resdesc>
		<distliab>
This publication was prepared by an agency of the United States Government. Neither the United States Government nor any agency thereof, nor any of their employees, makes any warranty, expressed or implied, or assumes any legal liability or responsibility for the accuracy, completeness, or usefulness of any information, apparatus, product, or process disclosed in this report, or represents that its use would not infringe privately owned rights. Reference therein to any specific commercial product, process, or service by trade name, trademark, manufacturer, or otherwise does not necessarily constitute or imply its endorsement, recommendation, or favoring by the United States Government or any agency thereof.
Although all data and software published are used by the U.S. Geological Survey, no warranty, expressed or implied, is made by the U.S. Geological Survey as to the accuracy of the data and related materials and (or) the functioning of the software. The act of distribution shall not constitute any such warranty, and no responsibility is assumed by the U.S. Geological Survey in the use of these data, software, or related materials.
</distliab>
		<stdorder>
			<digform>
				<digtinfo>
					<formname>ArcInfo Export File</formname>
					<formvern>ArcInfo 7.0.4</formvern>
					<formcont>Geology geographic features and attribute data</formcont>
					<transize Sync="TRUE">9.594 MB</transize>
					<dssize Sync="TRUE">9.594</dssize></digtinfo>
				<digtopt>
					<onlinopt>
						<computer>
							<networka>
								<networkr>http://certmapper.cr.usgs.gov/data/we/ofr97470f/spatial/export/geo3ale.zip</networkr>
							</networka>
						</computer>
					</onlinopt>
					<offoptn>
						<offmedia>CD-ROM</offmedia>
						<recfmt>ISO 9660 with Apple HFS extensions</recfmt>
					</offoptn>
				</digtopt>
			</digform>
			<digform>
				<digtinfo>
					<formname>Shapefile</formname>
					<formcont>Geology geographic features and attribute data</formcont>
					<transize Sync="TRUE">9.594 MB</transize>
					<dssize Sync="TRUE">9.594</dssize></digtinfo>
				<digtopt>
					<onlinopt>
						<computer>
							<networka>
								<networkr>http://certmapper.cr.usgs.gov/data/we/ofr97470f/spatial/shape/geo3al.zip</networkr>
							</networka>
						</computer>
					</onlinopt>
					<offoptn>
						<offmedia>CD-ROM</offmedia>
						<recfmt>ISO 9660 with Apple HFS extensions</recfmt>
					</offoptn>
				</digtopt>
			</digform>
			<digform>
				<digtinfo>
					<formname>Image Map Service (WorldAsiaPacific)</formname>
					<formvern>9.0</formvern>
					<formspec>ArcIMS Image Map Service</formspec>
					<formcont>A web-based interactive mapping system that accesses an ArcIMS Map Service running on certmapper.cr.usgs.gov</formcont>
					<dssize Sync="TRUE">9.594</dssize></digtinfo>
				<digtopt>
					<onlinopt>
						<computer>
							<networka>
								<networkr>http://certmapper.cr.usgs.gov/pubs/servlet/MapViewerBroker?Service=WorldAsiaPacific&amp;OVMap=WorldAsiaPac_overview&amp;project=world</networkr>
							</networka>
						</computer>
						<accinstr>This URL links to a web-based interactive mapping system that accesses an ArcIMS Image Map Service that runs in Netscape 4.7, Internet Explorer 4.5 and higher. The mapservice can also be accessed using any custom client that adheres to the protocol specified through ArcXML.</accinstr>
					</onlinopt>
				</digtopt>
			</digform>
			<fees>none</fees>
			<ordering>This product can be downloaded individually using any one of the digital form, Network_Resource_Name URLs above. Each of these URLs may provide access to various formats of the same product. To order CD-ROM contact USGS Earth Science Information Center 1-800-USA-MAPS.</ordering>
		</stdorder>
	</distinfo>
	<metainfo>
		<metd Sync="TRUE">20050318</metd>
		<metc>
			<cntinfo>
				<cntorgp>
					<cntorg>U.S. Geological Survey, Central Energy Resources Team</cntorg>
					<cntper>Peter J. McCabe</cntper>
				</cntorgp>
				<cntpos>Asia Pacific Region Coordinator for the World Energy Project</cntpos>
				<cntaddr>
					<addrtype>mailing address</addrtype>
					<address>U.S. Geological Survey, P.O. Box 25046, MS 939, Denver Federal Center</address>
					<city>Denver</city>
					<state>Colorado</state>
					<postal>80225</postal>
					<country>USA</country>
				</cntaddr>
				<cntvoice>303-236-7550</cntvoice>
				<cntemail>datamgt@usgs.gov</cntemail>
				<hours>8:00 am - 4:00 pm MST</hours>
				<cntinst>For inquiries regarding this document, please include the metadata contact person's name, dataset name, and publication series and number.</cntinst>
			</cntinfo>
		</metc>
		<metstdn Sync="TRUE">FGDC Content Standards for Digital Geospatial Metadata</metstdn>
		<metstdv Sync="TRUE">FGDC-STD-001-1998</metstdv>
		<langmeta Sync="TRUE">en</langmeta></metainfo>
	</metadata>
