<?xml version="1.0" encoding="UTF-8"?><MD_Metadata xmlns:gts="http://www.isotc211.org/2005/gts" xmlns:gco="http://www.isotc211.org/2005/gco" xmlns:xalan="http://xml.apache.org/xalan" xmlns:srv="http://www.isotc211.org/2005/srv" xmlns:gmx="http://www.isotc211.org/2005/gmx" xmlns:xlink="http://www.w3.org/1999/xlink" xmlns:xsi="http://www.w3.org/2001/XMLSchema-instance" xmlns:gml="http://www.opengis.net/gml" xmlns="http://www.isotc211.org/2005/gmd">
    <characterSet>
        <MD_CharacterSetCode codeList="http://www.isotc211.org/2005/resources/Codelist/gmxCodelists.xml#MD_CharacterSetCode" codeListValue="utf8" codeSpace="ISOTC211/19115">utf8</MD_CharacterSetCode>
    </characterSet>
    <hierarchyLevel>
        <MD_ScopeCode codeList="http://www.isotc211.org/2005/resources/Codelist/gmxCodelists.xml#MD_ScopeCode" codeListValue="dataset" codeSpace="ISOTC211/19115">dataset</MD_ScopeCode>
    </hierarchyLevel>
    <hierarchyLevelName>
        <gco:CharacterString>dataset</gco:CharacterString>
    </hierarchyLevelName>
    <contact gco:nilReason="missing"/>
    <dateStamp gco:nilReason="missing"/>
    <metadataStandardName>
        <gco:CharacterString>ISO 19139 Geographic Information - Metadata - Implementation Specification</gco:CharacterString>
    </metadataStandardName>
    <metadataStandardVersion>
        <gco:CharacterString>2007</gco:CharacterString>
    </metadataStandardVersion>
    <identificationInfo>
        <MD_DataIdentification>
            <citation gco:nilReason="missing"/>
            <abstract>
                <gco:CharacterString>The tidal range is commonly classified in three categories: macrotides (ranges exceeding 4 m), mesotides (between 2 and 4 m) and microtides (lower than 2 m).  Macrotides occur only in patches that are attached to the continents - an indication that the configuration of the continents acts as one of the organizing principles behind the global pattern of tides.This polygon layer was derived from classifying the Global Tidal Range raster into the known tidal range categories.Ocean tidal ranges based on lunar and solar semi-diurnal and diurnal harmonic amplitudes, 2*(M2+S2+K1+O1). This was computed using the FES2014 model data obtained from AVISO.  A tidal range is the difference in height between high tide and low tide. Tides are the rise and fall of sea levels caused by gravitational forces exerted by the Moon and Sun and the rotation of Earth. Tidal ranges are predictable and depend on date, time, and location.  Some locations have very drastic (12 meters) tidal ranges such as the Bay of Fundy, Canada, other locations have very conservative (less than 0.5m) tidal ranges such as Kingston, Jamaica. </gco:CharacterString>
            </abstract>
            <purpose>
                <gco:CharacterString>Global Tidal Ranges classified into macro, meso, and micro tide categories.</gco:CharacterString>
            </purpose>
            <credit>
                <gco:CharacterString>FES2014 was produced by Noveltis, Legos and CLS and distributed by Aviso+, with support from Cnes (https://www.aviso.altimetry.fr/)</gco:CharacterString>
            </credit>
            <descriptiveKeywords>
                <MD_Keywords>
                    <keyword>
                        <gco:CharacterString>Tide</gco:CharacterString>
                    </keyword>
                    <keyword>
                        <gco:CharacterString>Global</gco:CharacterString>
                    </keyword>
                    <keyword>
                        <gco:CharacterString>World</gco:CharacterString>
                    </keyword>
                    <keyword>
                        <gco:CharacterString>Ocean</gco:CharacterString>
                    </keyword>
                    <keyword>
                        <gco:CharacterString>meters</gco:CharacterString>
                    </keyword>
                    <keyword>
                        <gco:CharacterString>tidal range</gco:CharacterString>
                    </keyword>
                </MD_Keywords>
            </descriptiveKeywords>
            <resourceConstraints>
                <MD_Constraints>
                    <useLimitation>
                        <gco:CharacterString>The Licensee is hereby granted a worldwide, non-exclusive, royalty free license to modify, adapt, develop, create and distribute Value Added Products or Derivative Work from AVISO+ Products for any purpose (scientific, operational, commercial, etc.). More Info</gco:CharacterString>
                    </useLimitation>
                </MD_Constraints>
            </resourceConstraints>
            <language gco:nilReason="missing"/>
            <characterSet>
                <MD_CharacterSetCode codeList="http://www.isotc211.org/2005/resources/Codelist/gmxCodelists.xml#MD_CharacterSetCode" codeListValue="utf8" codeSpace="ISOTC211/19115">utf8</MD_CharacterSetCode>
            </characterSet>
        </MD_DataIdentification>
    </identificationInfo>
</MD_Metadata>
